{
    "credit": "Made with Blockbench",
    "parent": "item/handheld",
    "textures": {
      "3": "block/bamboo_block_top",
      "6": "block/bamboo_block"
    },
    "elements": [
      {
        "from": [7, 8, 7],
        "to": [8, 29, 8],
        "faces": {
          "north": { "uv": [0, 0, 2, 2], "texture": "#6" },
          "east": { "uv": [0, 0, 2, 2], "texture": "#6" },
          "south": { "uv": [0, 0, 2, 2], "texture": "#6" },
          "west": { "uv": [0, 0, 2, 2], "texture": "#6" },
          "up": { "uv": [0, 0, 16, 16], "texture": "#3" },
          "down": { "uv": [0, 0, 2, 2], "texture": "#6" }
        }
      }
    ]
  }
  